{
  "cifar10": {
    "finetune": {
      "acc_matrix": [
        [
          96.1,
          0.0,
          0.0,
          0.0,
          0.0
        ],
        [
          91.2,
          49.65,
          0.0,
          0.0,
          0.0
        ],
        [
          90.55,
          49.8,
          48.0,
          0.0,
          0.0
        ],
        [
          92.45,
          49.85,
          48.45,
          54.15,
          0.0
        ],
        [
          95.95,
          46.9,
          47.55,
          48.0,
          37.35
        ]
      ],
      "mem_mb": [
        5.997864,
        5.997864,
        5.997864,
        5.997864,
        5.997864
      ],
      "times_s": [
        33.27267241477966,
        33.46412420272827,
        32.880765438079834,
        33.38698863983154,
        34.024375677108765
      ],
      "final_acc": 55.15,
      "forgetting": 2.3749999999999982
    },
    "ewc": {
      "acc_matrix": [
        [
          96.0,
          0.0,
          0.0,
          0.0,
          0.0
        ],
        [
          90.8,
          49.55,
          0.0,
          0.0,
          0.0
        ],
        [
          90.25,
          49.05,
          46.6,
          0.0,
          0.0
        ],
        [
          91.45,
          49.7,
          46.95,
          53.15,
          0.0
        ],
        [
          95.8,
          51.15,
          48.8,
          56.55,
          26.75
        ]
      ],
      "mem_mb": [
        5.997864,
        5.997864,
        5.997864,
        5.997864,
        5.997864
      ],
      "times_s": [
        35.13529372215271,
        39.22809076309204,
        39.1664674282074,
        39.105414628982544,
        39.498024702072144
      ],
      "final_acc": 55.81,
      "forgetting": 0.05000000000000071
    },
    "replay": {
      "acc_matrix": [
        [
          96.85,
          0.0,
          0.0,
          0.0,
          0.0
        ],
        [
          94.0,
          48.95,
          0.0,
          0.0,
          0.0
        ],
        [
          93.6,
          49.55,
          47.9,
          0.0,
          0.0
        ],
        [
          95.15,
          49.5,
          48.8,
          51.0,
          0.0
        ],
        [
          97.1,
          49.3,
          49.9,
          55.3,
          68.75
        ]
      ],
      "mem_mb": [
        8.455464,
        10.913063999999999,
        13.370664,
        15.828263999999999,
        18.285864
      ],
      "times_s": [
        33.075900077819824,
        34.07882738113403,
        34.392598390579224,
        34.93008255958557,
        35.84667992591858
      ],
      "final_acc": 64.07,
      "forgetting": 0.0
    }
  },
  "cifar100": {
    "finetune": {
      "acc_matrix": [
        [
          68.6,
          0.0,
          0.0,
          0.0,
          0.0,
          0.0,
          0.0,
          0.0,
          0.0,
          0.0
        ],
        [
          63.6,
          13.4,
          0.0,
          0.0,
          0.0,
          0.0,
          0.0,
          0.0,
          0.0,
          0.0
        ],
        [
          61.1,
          12.7,
          8.2,
          0.0,
          0.0,
          0.0,
          0.0,
          0.0,
          0.0,
          0.0
        ],
        [
          60.0,
          13.0,
          7.8,
          8.7,
          0.0,
          0.0,
          0.0,
          0.0,
          0.0,
          0.0
        ],
        [
          62.3,
          11.9,
          7.2,
          7.6,
          10.5,
          0.0,
          0.0,
          0.0,
          0.0,
          0.0
        ],
        [
          69.1,
          13.3,
          7.3,
          9.0,
          10.7,
          13.6,
          0.0,
          0.0,
          0.0,
          0.0
        ],
        [
          63.5,
          13.0,
          7.0,
          8.1,
          10.3,
          14.0,
          9.8,
          0.0,
          0.0,
          0.0
        ],
        [
          63.8,
          12.7,
          7.6,
          9.0,
          10.0,
          13.6,
          10.3,
          9.2,
          0.0,
          0.0
        ],
        [
          66.8,
          13.9,
          8.2,
          7.4,
          10.9,
          14.6,
          11.8,
          9.7,
          8.4,
          0.0
        ],
        [
          65.5,
          13.5,
          8.1,
          8.8,
          10.2,
          13.2,
          10.9,
          9.6,
          7.6,
          7.6
        ]
      ],
      "mem_mb": [
        16.281232,
        16.281232,
        16.281232,
        16.281232,
        16.281232,
        16.281232,
        16.281232,
        16.281232,
        16.281232,
        16.281232
      ],
      "times_s": [
        34.62071180343628,
        33.83597731590271,
        33.780537843704224,
        34.917192220687866,
        34.73723578453064,
        33.15009307861328,
        34.20956063270569,
        33.74149703979492,
        34.49420189857483,
        34.149948596954346
      ],
      "final_acc": 15.5,
      "forgetting": 0.5222222222222217
    },
    "ewc": {
      "acc_matrix": [
        [
          69.0,
          0.0,
          0.0,
          0.0,
          0.0,
          0.0,
          0.0,
          0.0,
          0.0,
          0.0
        ],
        [
          64.0,
          7.5,
          0.0,
          0.0,
          0.0,
          0.0,
          0.0,
          0.0,
          0.0,
          0.0
        ],
        [
          60.8,
          7.7,
          12.9,
          0.0,
          0.0,
          0.0,
          0.0,
          0.0,
          0.0,
          0.0
        ],
        [
          61.0,
          7.6,
          13.0,
          11.6,
          0.0,
          0.0,
          0.0,
          0.0,
          0.0,
          0.0
        ],
        [
          65.2,
          7.0,
          12.7,
          12.0,
          9.4,
          0.0,
          0.0,
          0.0,
          0.0,
          0.0
        ],
        [
          66.0,
          7.4,
          11.6,
          12.5,
          11.0,
          10.9,
          0.0,
          0.0,
          0.0,
          0.0
        ],
        [
          64.0,
          7.5,
          13.0,
          11.9,
          11.0,
          11.2,
          10.3,
          0.0,
          0.0,
          0.0
        ],
        [
          65.5,
          7.2,
          12.7,
          13.0,
          9.9,
          11.5,
          9.9,
          7.2,
          0.0,
          0.0
        ],
        [
          67.7,
          7.8,
          11.9,
          12.7,
          11.4,
          11.3,
          9.8,
          6.9,
          8.9,
          0.0
        ],
        [
          65.4,
          7.7,
          13.8,
          11.8,
          10.8,
          10.8,
          9.5,
          6.9,
          6.8,
          13.2
        ]
      ],
      "mem_mb": [
        16.281232,
        16.281232,
        16.281232,
        16.281232,
        16.281232,
        16.281232,
        16.281232,
        16.281232,
        16.281232,
        16.281232
      ],
      "times_s": [
        35.76136875152588,
        38.817209005355835,
        38.582895278930664,
        38.50028109550476,
        38.64483070373535,
        38.345587491989136,
        38.80780529975891,
        38.16111946105957,
        38.39879631996155,
        38.44379448890686
      ],
      "final_acc": 15.670000000000002,
      "forgetting": 0.7666666666666662
    },